INSERT INTO mrp.sub_materia (id_materia, nombre, borrado)
VALUES
  (1, 'SubMateria 1', 0),
  (2, 'SubMateria 2', 0),
  (3, 'SubMateria 3', 0),
  (4, 'SubMateria 4', 0),
  (5, 'SubMateria 5', 0),
  (6, 'SubMateria 6', 0);

INSERT INTO mrp.cliente (nombre, borrado)
VALUES
    ('Juan', 0),
    ('María', 0),
    ('Carlos', 0),
    ('Laura', 0),
    ('Pedro', 0);

INSERT INTO mrp.caso (fecha, borrado, id_cliente, id_materia, id_submateria)
VALUES
    ('2023-07-15', 0, 1, 3, 4),
    ( '2022-10-30', 0, 2, 5, 1),
    ( '2023-04-02', 0, 3, 2, 6),
    ( '2022-09-20', 0, 4, 8, 5),
    ( '2023-01-18', 0, 5, 1, 3),
    ( '2023-08-09', 0, 4, 6, 2),
    ( '2022-11-25', 0, 2, 7, 4),
    ( '2022-06-03', 0, 3, 3, 1),
    ( '2023-10-02', 0, 1, 8, 6),
    ( '2023-02-14', 0, 5, 2, 5),
    ( '2023-05-20', 0, 3, 4, 2),
    ( '2022-12-08', 0, 5, 6, 1),
    ( '2022-07-11', 0, 2, 7, 3),
    ( '2023-03-16', 0, 1, 1, 5),
    ( '2022-09-29', 0, 4, 8, 6),
    ( '2023-08-25', 0, 3, 3, 4),
    ( '2022-11-01', 0, 2, 2, 1),
    ( '2023-01-07', 0, 5, 7, 5),
    ( '2023-06-14', 0, 4, 5, 3),
    ( '2022-03-19', 0, 1, 6, 2),
    ( '2023-09-05', 0, 3, 1, 6),
    ( '2022-04-23', 0, 2, 8, 4),
    ( '2023-07-30', 0, 1, 4, 1),
    ( '2022-10-15', 0, 5, 3, 6),
    ( '2023-02-27', 0, 4, 2, 4),
    ( '2022-06-28', 0, 2, 1, 2),
    ( '2023-11-10', 0, 1, 7, 3),
    ( '2023-04-12', 0, 3, 6, 5),
    ( '2022-12-23', 0, 4, 5, 1),
    ( '2022-08-07', 0, 5, 8, 2);

INSERT INTO mrp.sesion (fecha, borrado, tiempo, id_caso, id_abogado, actividad)
VALUES 
('2023-10-15', 0, 120, 1, 1, 'Consulta inicial'),
('2023-10-16', 0, 90, 2, 2, 'Revisión de documentos'),
('2023-10-17', 0, 150, 3, 1, 'Preparación para el juicio'),
('2023-10-18', 0, 80, 4, 2, 'Entrevista con el cliente'),
('2023-10-19', 0, 110, 5, 1, 'Investigación legal'),
('2023-10-20', 0, 130, 6, 2, 'Redacción de documentos legales'),
('2023-10-21', 0, 100, 7, 1, 'Mediación'),
('2023-10-22', 0, 70, 8, 2, 'Asesoramiento legal'),
('2023-10-23', 0, 140, 9, 1, 'Planificación estratégica del caso'),
('2023-10-24', 0, 160, 10, 2, 'Presentación en el tribunal'),
('2023-10-25', 0, 95, 11, 1, 'Evaluación de riesgos'),
('2023-10-26', 0, 115, 12, 2, 'Seguimiento del caso'),
('2023-10-27', 0, 125, 13, 1, 'Auditoría legal'),
('2023-10-28', 0, 75, 14, 2, 'Resolución de conflictos'),
('2023-10-29', 0, 145, 15, 1, 'Acuerdo extrajudicial'),
('2023-10-30', 0, 85, 16, 2, 'Análisis jurisprudencial'),
('2023-10-31', 0, 105, 17, 1, 'Defensa legal'),
('2023-11-01', 0, 155, 18, 2, 'Reclamación de deudas'),
('2023-11-02', 0, 180, 19, 1, 'Asistencia en el juicio'),
('2023-11-03', 0, 165, 20, 2, 'Apelación legal'),
('2023-11-04', 0, 120, 21, 1, 'Entrevista con testigos'),
('2023-11-05', 0, 90, 22, 2, 'Análisis de evidencia'),
('2023-11-06', 0, 150, 23, 1, 'Negociación con la parte contraria'),
('2023-11-07', 0, 80, 24, 2, 'Consulta telefónica'),
('2023-11-08', 0, 110, 25, 1, 'Revisión de contratos'),
('2023-11-09', 0, 130, 26, 2, 'Mediación familiar'),
('2023-11-10', 0, 100, 27, 1, 'Asesoramiento empresarial'),
('2023-11-11', 0, 70, 28, 2, 'Defensa penal'),
('2023-11-12', 0, 140, 29, 1, 'Reclamación de seguros'),
('2023-11-13', 0, 160, 30, 2, 'Preparación de recursos legales');
   
INSERT INTO mrp.caso_abogado (id_abogado, id_caso)
VALUES
  (1, 1),
  (2, 2),
  (1, 3),
  (2, 4),
  (1, 5),
  (2, 6),
  (1, 7),
  (2, 8),
  (1, 9),
  (2, 10),
  (1, 11),
  (2, 12),
  (1, 13),
  (2, 14),
  (1, 15),
  (2, 16),
  (1, 17),
  (2, 18),
  (1, 19),
  (2, 20),
  (1, 21),
  (2, 22),
  (1, 23),
  (2, 24),
  (1, 25),
  (2, 26),
  (1, 27),
  (2, 28),
  (1, 29),
  (2, 30);

